name,description,load_time_s,mean_ms,median_ms,p50_ms,p95_ms,p99_ms,min_ms,max_ms,std_ms,throughput_rps,iterations,raw_latencies_ms
MAX Engine,Custom MAX Graph implementation with DistilBERT,3.0159338330850005,42.916072921361774,42.31972899287939,42.31972899287939,60.19079760299063,69.55331133794972,25.55583301000297,71.27129193395376,10.232537915243258,23.301293243498126,100,
HuggingFace (PyTorch CPU),Transformers pipeline on CPU,0.12867412494961172,235.13741167960688,232.28572856169194,232.28572856169194,390.8708465169184,416.6876784258059,32.28416608180851,471.46887506823987,101.25594757761296,4.252832387908472,100,
