name,description,load_time_s,mean_ms,median_ms,p50_ms,p95_ms,p99_ms,min_ms,max_ms,std_ms,throughput_rps,iterations,raw_latencies_ms
MAX Engine,Custom MAX Graph implementation with DistilBERT,2.275568832992576,29.475431677419692,27.443687984487042,27.443687984487042,44.495659891981624,48.16350089735351,20.310416992288083,50.07758399005979,7.1988697546839235,33.92655995488175,50,
HuggingFace (PyTorch CPU),Transformers pipeline on CPU,0.0828391250106506,58.209065155824646,48.69254201184958,48.69254201184958,134.3949999805772,169.9519178754417,29.862542054615915,174.92445796960965,32.07158766468081,17.17945473480836,50,
