name,description,load_time_s,mean_ms,median_ms,p50_ms,p95_ms,p99_ms,min_ms,max_ms,std_ms,throughput_rps,iterations,raw_latencies_ms
MAX Engine,Custom MAX Graph implementation with DistilBERT,2.3566162090282887,45.87553748860955,43.28416648786515,43.28416648786515,67.6050826674327,92.77844377560557,25.046125054359436,122.64612503349781,14.95070459531244,21.798109727832404,100,
HuggingFace (PyTorch CPU),Transformers pipeline on CPU,0.15118579100817442,255.8515303733293,238.5159790283069,238.5159790283069,451.7518753185867,580.6375975371342,98.50820794235915,642.7202499471605,113.22357895206395,3.9085167813568917,100,
